{
  "overall_accuracy": 0.5555555555555556,
  "improvement_rate": 0.2962962962962963,
  "consensus_rate_initial": 0.07407407407407407,
  "consensus_rate_refined": 0.2962962962962963,
  "refinement_hurt_rate": 0.18518518518518517,
  "judge_missed_best_rate": 0.07407407407407407,
  "judge_accuracy_when_disagree": 0.52,
  "single_llm_accuracy": 0.25925925925925924,
  "voting_accuracy": 0.48148148148148145
}